id,enabled,password,username
a337ec45-31a0-4f2b-9b2e-a105c4b669bb,TRUE,$2a$10$4IZfidcJzbR5Krvj87ZJdOZvuQoD/kvPAJe549rUNoP3N3uH0Lq2G,administrator
56a50e9a-9668-437d-a09c-7e709ce22222,TRUE,$2a$10$4IZfidcJzbR5Krvj87ZJdOZvuQoD/kvPAJe549rUNoP3N3uH0Lq2G,devadmin
c994d1ea-47f7-435d-9d4d-42fb54197698,TRUE,$2a$10$4IZfidcJzbR5Krvj87ZJdOZvuQoD/kvPAJe549rUNoP3N3uH0Lq2G,srmanager1
f72bf4ee-eb86-4bfd-be88-4f481f4e2fe0,TRUE,$2a$10$4IZfidcJzbR5Krvj87ZJdOZvuQoD/kvPAJe549rUNoP3N3uH0Lq2G,srmanager2
7d6c0269-0c6a-4c9a-a098-46de276b9d26,TRUE,$2a$10$4IZfidcJzbR5Krvj87ZJdOZvuQoD/kvPAJe549rUNoP3N3uH0Lq2G,srmanager3
c54df462-66d8-4a02-bee9-b786fe2f30ee,TRUE,$2a$10$4IZfidcJzbR5Krvj87ZJdOZvuQoD/kvPAJe549rUNoP3N3uH0Lq2G,srmanager4
cb5cd52f-f205-475d-8763-90852839424d,TRUE,$2a$10$4IZfidcJzbR5Krvj87ZJdOZvuQoD/kvPAJe549rUNoP3N3uH0Lq2G,smanager1
9b2778af-5372-4410-a5c8-899e7f74296b,TRUE,$2a$10$4IZfidcJzbR5Krvj87ZJdOZvuQoD/kvPAJe549rUNoP3N3uH0Lq2G,smanager2
2fbe9be3-f5e4-47ec-a10a-f3380c0daf75,TRUE,$2a$10$4IZfidcJzbR5Krvj87ZJdOZvuQoD/kvPAJe549rUNoP3N3uH0Lq2G,smanager3
469c6e1c-aab7-4640-8925-f3c34bbe752d,TRUE,$2a$10$4IZfidcJzbR5Krvj87ZJdOZvuQoD/kvPAJe549rUNoP3N3uH0Lq2G,smanager4
573cf089-dfff-4273-b353-d94058164e55,TRUE,$2a$10$4IZfidcJzbR5Krvj87ZJdOZvuQoD/kvPAJe549rUNoP3N3uH0Lq2G,dsrmanager
2bb552b3-0324-42ef-bb21-c5cc74a38592,TRUE,$2a$10$4IZfidcJzbR5Krvj87ZJdOZvuQoD/kvPAJe549rUNoP3N3uH0Lq2G,psupervisor
247b366d-f8ab-4226-9ae9-a188d5ee8e22,TRUE,$2a$10$4IZfidcJzbR5Krvj87ZJdOZvuQoD/kvPAJe549rUNoP3N3uH0Lq2G,wclerk1
476415b1-ca81-4561-a3b7-fa3d08434800,TRUE,$2a$10$4IZfidcJzbR5Krvj87ZJdOZvuQoD/kvPAJe549rUNoP3N3uH0Lq2G,wclerk2
1e3b03a5-1d48-4de1-bb4a-389beece2277,TRUE,$2a$10$4IZfidcJzbR5Krvj87ZJdOZvuQoD/kvPAJe549rUNoP3N3uH0Lq2G,rivo
560be32a-ea2e-4d12-ae00-1f69376ad535,TRUE,$2a$10$4IZfidcJzbR5Krvj87ZJdOZvuQoD/kvPAJe549rUNoP3N3uH0Lq2G,divo1
0053b56d-be93-4d82-a021-b713dbaae2a9,TRUE,$2a$10$4IZfidcJzbR5Krvj87ZJdOZvuQoD/kvPAJe549rUNoP3N3uH0Lq2G,divo2
211a6b4d-3c59-4fb2-8075-eedb79a18103,TRUE,$2a$10$4IZfidcJzbR5Krvj87ZJdOZvuQoD/kvPAJe549rUNoP3N3uH0Lq2G,vsrmanager1
c6f44c75-d2d3-4ca9-b5e8-7eb3bf1ff31f,TRUE,$2a$10$4IZfidcJzbR5Krvj87ZJdOZvuQoD/kvPAJe549rUNoP3N3uH0Lq2G,vsrmanager2
ce962fad-c872-4244-92fe-2f70995d311a,TRUE,$2a$10$4IZfidcJzbR5Krvj87ZJdOZvuQoD/kvPAJe549rUNoP3N3uH0Lq2G,vwclerk1
9cc9a0a4-e434-4582-9efc-2a1de44bc1f1,TRUE,$2a$10$4IZfidcJzbR5Krvj87ZJdOZvuQoD/kvPAJe549rUNoP3N3uH0Lq2G,vnurse1
8cb00ce6-6885-4704-802f-1d29b901454a,TRUE,$2a$10$Lup.2hD/busMLg.eG9Si8.eOvhcYjOYaXYg84yIAYJixI.sPsjxca,N003
facf6588-8496-470b-b523-821ff94efc66,TRUE,$2a$10$/iSVbnbE8PMEJKkaiUVhQeDcOqbfchDw1/ZG7RYOFOeoWIjh.3Ayy,N007
0eee5e76-ca01-47b0-ae7b-0886e792cd80,TRUE,$2a$10$xdhCFFveTdCRHp/K.5IUrej259zsGwq0rXrmjT9ZqYCGDxNX7F9qa,N008
86985eba-2915-45c6-ae3b-f89dc809f128,TRUE,$2a$10$cdpjDyEyfZwwS.lZQdTu0.V8Dfk9IaA3tizxJJGU90pAtyguavu4G,N010
c8986040-3591-4cbd-8ce0-45b9ec9daee9,TRUE,$2a$10$RMPpg.XyUXdMzi1M3rhUEuv9RvpeGNdHkN5prHbLpLLAizfPAtW5e,N014
87446d01-485f-4f28-a93f-7f3ec025bde8,TRUE,$2a$10$2TC1Qtg9x7HkfrtnkHZAHeW6WyDgUfmGrLCzvj1gULc4RCZT/JF4i,N016
aed6a0f7-c388-4d85-b899-d998ac205861,TRUE,$2a$10$YRlbA6ckW5ktNHOt74mbQ.S6wSXuXgWeHXUXMMxrpYELRZpeDe5pm,N020
7a2e40a2-aeea-46e8-8a0b-9f9d82316677,TRUE,$2a$10$ybleiHYlCkuJl/dWcj2fduN1XAbBao1v4EXRBO4qSAN9kq/1rrlD.,N021
ba7aa628-d6d4-4c8f-bb00-2fca48d30994,TRUE,$2a$10$5NAanx5rTE1I/oUBzcE7beUovr6XKobrm8sv6zriGeq3.zgMFQCRS,N023
49e62743-5d0d-4eef-aafd-b6080a3aa306,TRUE,$2a$10$OoGxiCXnFdmqKYidJSzE8elzoTcUhhYB5/758DCE9roeSAJD/4x1.,N024
70527ce7-c689-4f18-8584-8fd70f2c2ef1,TRUE,$2a$10$DsuRFa95bqFBheVlKM7iyuSG73zRczkLp6UVNIEqCR3oaJNe0bBHK,N028
3a52013d-5fed-4c62-8623-088387dcbb5b,TRUE,$2a$10$Ndc9gQKpvdYAuC0F6YQcVONX5ZLu0FByspvbmAxHU.DnojoeisfXm,N030
609cf451-d3f6-484d-b483-cbb51b098924,TRUE,$2a$10$P5KRXw1RzmlpyTCTlFxHJepSxouGXNgwCByTgNyi3HxFWrfe4eIym,N034
99cba7f3-e6ce-45b5-8320-fd7d2efda0e1,TRUE,$2a$10$7sBepcIp9OTwWEa3uJ3Rre0sA3OkRT2QY8ltntEUcdyP3fVx/3DA2,N052
be208e03-506e-4836-b7c4-9a3a1554e6e7,TRUE,$2a$10$iyZ0bU.LGPDKtUP7ynPH0OdHDVcmoQ4bZBt7xnNsbQMTqLZQy9WT2,N076
fb5d1a27-bec5-4752-a575-a653fe76e802,TRUE,$2a$10$aiqkwA3cxynDf1pl/24y8ewgSpmQYkgFo3ZPO/UlPSewaHm94tPuW,N105
aefc316a-1b9c-45ae-b67d-51acbac35d9d,TRUE,$2a$10$vjxpO97yeEOHhqZBYQQWvuFPxjdwdEQ/C5VyL9CbvVBbUTgeBkPHe,D001
c79e8da9-d078-4273-8dfb-c5bc9b1057f3,TRUE,$2a$10$JW8g7fmcBOhyClxeAX9Tl.3TSDIBqvOrGpTscUlMz6JNtP61noIKW,P001
3c693dc0-e8b2-45bc-8b5d-e9a6dbb037ea,TRUE,$2a$10$aMHX4dMSruXmxDeVQbhZ4OUluPL6DYWlv.7bry6g5QsHJNEGqFC6K,W001
741e9f8b-6d29-4481-8760-16da94ae7767,TRUE,$2a$10$Ic9l/93r8IPUJYiq4DxXz.2.KRIiRUiGNlACm7sksVrFScM9fTXMG,NIA115
79323d11-cba3-463e-8f63-045ee6bb8b79,TRUE,$2a$10$WHNjUUmlWVxqqgqXg4kRZu80cx4R1OBwOF6n815vWOsxNmDPHu/IW,NIA116
fd106df0-8440-4cc7-b11a-d19428805721,TRUE,$2a$10$tDNQs8Z/MQf.AhdwTi0/WOWOzws0HrQbHCS/.mqAbsOTwrbyeZulm,NIA122
de979383-e976-44c1-8c8d-022ab4408e54,TRUE,$2a$10$zhLC0c4BxiV23LNbnd95ouB9PPALQag5E/Bvg88Q4XDzPyvKxPkfe,NIA130
7c37baa3-87e0-46bc-a774-24c4c04491cb,TRUE,$2a$10$mMNzREaOgpyhqSqTxToeyONfWddAuhO1ui.EfOKbzAAjpVI4VE.F.,NIA132
41dd0924-fa8c-413b-ba4f-9ff18a2069e2,TRUE,$2a$10$sIK48Uq6eyjEh6wBzDHtvuQJ7DCiLlfhbXKF6A3bhslMYxCP1Kn22,NIA134
7e781b3f-902b-4375-a037-40f60a0391be,TRUE,$2a$10$D32dRWGmxEcexKpeF4.59unRXzYRpK1eY0CKA6dFEB6m80dLOW4HW,NIA222
71b97857-69c3-4976-b1b2-292db47b754d,TRUE,$2a$10$itdi2TvsDQrkvHxBjyfpBerO7.v0oKdYaTFGVSu496ez2aWSViX46,NIA223
f8de3790-2171-4803-8be2-b666497f82f6,TRUE,$2a$10$6fbwF569YO/GgsNYnqlR2.pC571FjKnYJ/BYvKZWFSyRUCfJZvoGa,NIA224
2e0de77a-edbd-4d25-a4cb-7fc6fe4893a7,TRUE,$2a$10$0rsTPiqJ9SeaXWmvuKDKQOB/zLdEcMZ.PC7QsKn0XiKSEgna/OLG6,NIA225
1474e06c-5885-4259-97de-1ab4a3629105,TRUE,$2a$10$PKP6f.PzbeQCqvfWxrT8xudcA/APJNdlswlq8UvnWrw.Dfz.Hz1v2,NIA226
f35f1fe7-ce4d-478f-ab4d-5eacaf5e65e6,TRUE,$2a$10$RgSgg/QBdvVeWhh0RLxJNO7hekdKcjSBBbOaI1sBjnhtJX1LKfZBu,NIA227
98218949-9870-4fe7-9b33-ad64c7eb3e19,TRUE,$2a$10$DZD.6YM8I/TNdMCQydtdmei8ybOAQEWA7eJoPlvhhjLlAISnyhIR2,NIA234
1d1e8c13-39bb-4746-a7fd-fd8da218c4fe,TRUE,$2a$10$9VcbFtR01qMkXNwLyRfW5uZbYoO0Eh4B7bLfS6eO2Bk0h3vKjpPh6,NIA235
80358fef-05e9-4a4a-a22a-1c1f55657477,TRUE,$2a$10$zHIE7T3lZcp1dGSwXSi/6O0BnwsYDTZa7YgZhvNPtdYYiVlk8ITae,NIA228
ed313883-876b-4537-82e8-00b9eaed801f,TRUE,$2a$10$yfoZjvYnzSGM78GuB8E8uOOJxPO5oOSFdDdz2wPrcvb7kU5Qtd6Zy,NIA229
f0aa5d4f-ca21-48f6-877d-1d7e7ed9cc4e,TRUE,$2a$10$mg8M7kIm7foDCr.FxSV/5eWWYMniyTRP8Ns.K9nUga0BoxZsmhRbq,NIA230
2244a98c-b537-432f-b8a1-21ca59d308db,TRUE,$2a$10$abjkX6kW.J30zk6.leZ59.PDjeXHWxyHFuI.LXO4RmHRbssaaxePC,NIA231
ef7d13c8-7eae-4c32-ba1e-5b26f079e813,TRUE,$2a$10$O6XEL38sBHG4oP3lZms9s.HrKzHvdWxD3gDQ1wzTcVtL8x4Y9Y6.y,NIA232
2c0a669b-dd57-446f-9f79-43d1a4ca06e0,TRUE,$2a$10$x1uKZm7QKcgjnJ.Yh65tDudbqSZN.Wdia0AtH/VORUEVBwckIeHkG,NIA233
feac366c-e1a2-49cb-8440-33b443191f36,TRUE,$2a$10$xIFVxqnscEU2dd.GC/C3Put8BVJ4inl8dD9Ho.YydGYXzJVqos5Z.,NIA201
0427fb1d-3cd1-4e89-9e7a-64044be8ae41,TRUE,$2a$10$Ln6BlrxpgUyILc4ut10creV0/OTM3bEUZdV.L2ir3RFkhAHXtCPFa,NIA202
f15034ef-6c39-4a48-81ab-c3d2290b5927,TRUE,$2a$10$GYitvFyAVkIJ1HCV/yZ2FejBgrIdaTgkwkdya92ntzh/ywJ1qzGEK,NIA203
35811ce7-bbf5-4104-9de2-16cb18205e02,TRUE,$2a$10$mixR2qYZszJNF8bvMlFvFOLWlIkKGVeu.KjWQWTerIoad8b/.kI72,NIA204
993f8238-f67b-49c5-9a34-2ec0daeb3646,TRUE,$2a$10$ftiSqiHUMx0d4JkqMxdk/OAY2h9jMPssjVx9qep9GoByVSpbdqL56,NIA200
f78e1449-3b99-4818-9329-57651709dd35,TRUE,$2a$10$nFEBgfZt5YRjt3MCZ4T9T.RpU1SmYO/fnb35x2rYJIzY7EB5hw2CK,NIA205
a31d325f-b845-423b-b5e6-63fa43551c30,TRUE,$2a$10$T.GsxZEjONACrw4J/JNh3.KbmbhVXJrDInFvT1Kh9Fbt3p3DJn4V.,NIA206
c509536c-4842-4d80-8864-1d08c96164cd,TRUE,$2a$10$vVz2kpOeK6NYh9O.4BNw4u.7MaPQXsgeNeP9XZ8NrjUUfbAY.wi5e,NIA207
9c3278d9-9e73-482a-9a59-2d3135c3c6b1,TRUE,$2a$10$jBdceli1gmJJcSnt36cMYuBbR0vw/q/9n3zhaALNXH3uTY55wlZ/K,NIA208
bfee0a7c-bb85-4cc2-9990-dc8a60832427,TRUE,$2a$10$jt/R1ue2oRGfUKiD/JYDluQU2lStMOFyW3a13rTbjIyJTafjt2uaK,NIA209
4ca1a070-9fa1-489e-8b2b-c66797979065,TRUE,$2a$10$2Aok/CaMnDaqBQDPvzpvs.xQqyGqLcVoU2D703Z988R57ncqKYSdK,NIA244
5150ba8a-3a83-4aca-b86c-461bd89fb9b4,TRUE,$2a$10$0JlZw4Tnr6poHlOi3RDsOOcu2vsgwFKehtpH.7tjGXDhrC/E59B5m,NIA245
1c81a23d-53bc-48da-82a9-837d46fb97b7,TRUE,$2a$10$Ko6FG2JfUpUkihxgbxY.duw3WKPgllaQLucmk21BuybXO7yazkSS6,NIA246
b5ed451b-fec3-4315-8e59-3980afba48f1,TRUE,$2a$10$4w8Mubl81/vND9un1a9Tl.RKj9CRhezWNfc1QqEjwpC.jkTaEKkLe,NIA247
c46967b6-99aa-4ed0-a8c2-d571bd776775,TRUE,$2a$10$Ol25EuCWL7b7ImqH8iqkCO6tvutPC1asYNFL5nCQoywQDtxOmwFPy,NIA248
2ebcebbd-d3ea-4cad-b2b1-eb57a58cf125,TRUE,$2a$10$cqrtjuG/PG7.F8uMc4X5zOAnGEVC/6pxcKwmgZRUBHCNnWdGUBx1.,NIA249
d1a4cd16-6041-4774-aff2-3cd22c5e215e,TRUE,$2a$10$3m1YUhPR9X.m8kuP0pHBrOIY1mi3.OC9RrnAnTeCSTRfy5Sicwuxi,NIA250
6fdb12d0-2ffb-4283-941f-cba3402d15dc,TRUE,$2a$10$qkNovGfS/ruHgptR6S94NuuxW4pTr38suwB1wtBN4L58e65EF7gCq,NIA268
fcfada4b-cec7-4662-b914-b4e6d35d0052,TRUE,$2a$10$dJiVmQsT7FHZQ2jrkIu.gub09OKIpaxMWCQlPncXXRuvyWuLedLBC,NIA269
09e40768-b54f-435d-996d-2895aae6c5f0,TRUE,$2a$10$Y6wEH/PfyhICHBTMF6SAEOnCPq8a3ww1vJhNUj14VJ26d7drmm892,NIA270
c4726dcd-dfc3-4075-8ce4-36a715db314b,TRUE,$2a$10$BcvAmXX0jqB6KRl.3eUmDumrDtakZAXXtNnnN/j4EiCCf5KWOEPSG,NIA274
12fc74d6-0b25-4016-9486-a5c294b4d680,TRUE,$2a$10$xpHsX0b18AVLsemDMNM2dOfTA07UbTA9X/C/c1zhNZQvReeRKt/iq,NIA275
2f6e72dd-2374-4420-a3b5-bd200214ec71,TRUE,$2a$10$ByhlY3nAI6lTPZ2Q.gBZT.hyH7q7lethXIjzDj0yFJ69Ot6NusXNi,NIA265
ffeac099-6d99-449e-8ef4-524f0ba9e344,TRUE,$2a$10$B4jojyG42XS6/VuOg9TF4eqyn/6HJcvfWTXACSbPXIbhO1dj3Gvfy,NIA266
cd63a93c-d1b9-4d35-be94-4fc909da9878,TRUE,$2a$10$hrascuPYsBWkw5bYhl4VCOfPygQXOaWdiAb8TfmG8KeZ5wqtrhAIC,NIA267
0dcb9a16-2c5e-47e8-be4c-5a65fa98477e,TRUE,$2a$10$lMfkEKnfnEzcvl5VxoCP4OqjOnx.bbQ6TYGzlOEUGnTL1sKcJAhoe,NIA271
8ad9470c-d58f-4e2e-b951-f3df7e0a1115,TRUE,$2a$10$2PX4dnKrs9/.3kJEhvyEX.svNGC0o8C4b7MTTZQYv6u2o6zvaM5Za,NIA272
a486aafd-3236-4c0c-9d13-b0f6d1cbc10c,TRUE,$2a$10$NaXKZU5/GA68bDdxWFyYVuWYFmdwb9rsl3lIYvFhPWd.m3lxCKAvG,NIA273
c6a22944-4c85-4854-95ea-35a68dca0182,TRUE,$2a$10$7jUUii3kozFRzRjgoKURTuMK7TeEcLzG0MZsXj5pjm7ydjBSJHGSG,NIA218
014584ea-7f92-4969-8476-16a491f2187f,TRUE,$2a$10$9JpNlZh9zfHvaiLeV2Eo6uYH6m2a85Osn8.z2wKpYXn31TgA46NfK,NIA100
2c8e8207-0b3a-4397-8a4d-34a9df92e8ed,TRUE,$2a$10$st2HQaMiJHZQ/HPCF22SdOGphzv6LmiKZTHZ2W91RTGthOJRvhKja,NIA101
2d8f8ecf-6950-47c7-bf0a-07dffeb06d66,TRUE,$2a$10$EO4nEOuGINm8YHtx0hwJVOMRVGgkRhqJZgz6Vu8FPuFsOh7e/xE3S,NIA102
de5a4ac9-331a-45fe-a38f-b39392a47a46,TRUE,$2a$10$qw4nlaekxLdNJHCHgWRgte/NJb4VEiOBtUhMR0uuN/YsowZQ5u9Py,NIA103
36b1b512-bb83-4a29-9d17-f3fea7b0900b,TRUE,$2a$10$g33.D2gHebJloRa/vzEGhO9oyNH9FFjJZEZbKdmOQWA21mvEQazI6,NIA104
0faed3c5-1b0e-4a52-aa32-77a7c8c60e8c,TRUE,$2a$10$r4p7lKuRqFrAJ1lu2XfoQ.tT4YlNPdnHWEuenTxwMcS6lfXpPrma.,NIA105
c98d22e3-c36a-4300-a60a-dc71a9a60cb3,TRUE,$2a$10$grLlL0DouNfOGNUQtEPwpO.lRmLaM6vcFOT2FZLo6CR3l7jvibO/u,NIA106
ef4fcda8-0fcc-4064-83e6-d7beb6b81596,TRUE,$2a$10$dnZWCLzVNREAwKWyOH7qwuwDxaXQbxZaJMtD3y1CE7GxNTZfIGZHq,NIA107
33503e8d-c222-4244-9392-5d6a3fd36195,TRUE,$2a$10$W./.XO/bAveSxpIXErzIfOACGqMqYF4mdsxUwHB6jEbQbZSBVd6FS,NIA108
8c7fe11c-0cb4-4e40-ad9a-de7cb777a1e8,TRUE,$2a$10$elr4PHxKFLEdXAk6vf/ypu2BBkL9BL27lqqAhHxPlLPRTvnS9n5xi,NIA109
cd49f88f-7422-4b17-b256-b03de21de039,TRUE,$2a$10$t6axUcMLBK.KpbXRqrsgmeHFmr6JJ4OggFcRKFwzdNgu/gaeHcrJy,NIA110
093aa6a8-20a5-4b0b-89c9-16d5b7b5ee83,TRUE,$2a$10$EUlupmNrbOfeY1Hr4k3TIebxng9y8ztVkJlp3YfU3K4So36aXdBuq,NIA111
ec260904-bec3-4e13-a6c8-17f684a38d3c,TRUE,$2a$10$27SPDMWmVQX2Y42e/uyQ3uSPLc1YBn70WPkkQRIy6sNPC5m8mpzLO,NIA112
5434d026-c91a-4edf-a383-608073c1b108,TRUE,$2a$10$0z.FvgNk7oj80KN02anCue6VR/Xfi2KRlDoMbvb6AL4PQODofzQBG,NIA113
ede24470-7125-45d7-8cab-c847af0dc055,TRUE,$2a$10$YXf5dcr3vN4G.16.D1a3Uejwgr21u33EZYUqx1IwMZD2UmUyMc9g2,NIA138
ab3bef49-911f-4c84-802b-19ef98890f0a,TRUE,$2a$10$NVJ.cK.SY6IJf7tytcTxxOtOO6TPzEbWmA4Edj5EneazrlYRaw6DW,NIA139
ad94236c-c375-42f0-b2cd-9f273a469aa9,TRUE,$2a$10$HZ7aBqq.MzbZjMTZsmrB5.MrDnbutSpgJaL9SSNR9ZQ9mwOp5u8UO,NIA143
2906a6be-5b85-479b-ac3d-9cabd6790873,TRUE,$2a$10$KHQxUf432sMTmo.LmVC7l.RQRoSM88EuNS9yuEcz2b6nipDdrJJY.,NIA144
8d5ed65c-7f3e-4936-89d5-b7fb5588f938,TRUE,$2a$10$XtZX1bc/NFkKu8jWYxXxe.qeCwhTif0IwVELfKJbq/rR/eU2oIJqq,NIA145
235786e4-3ea1-4479-b0b0-e38b02b89b6c,TRUE,$2a$10$4iW7fc5CSWpgY8kH20Ov0ui0DHWWhBqgRMuHXcAn2ezM35zIuwp2u,NIA149
1ed56121-7629-41c2-9bb0-198433a0164b,TRUE,$2a$10$b2geNyBXPJevgLccU5V6/.kc/EzSERbU9dARal0d72YeJZhDYHf9a,NIA150
a47fd24c-7fb3-4220-8a34-668befe3461c,TRUE,$2a$10$CRVj/ahoaZa0gX4W2pVz3ORjDd9MJ/jKdIKN95zpFrlh94jvyBP2i,NIA151
c5f95935-3a40-4b82-9b42-d68c79f34be1,TRUE,$2a$10$zqV4qDz2kZ06YilT/5KQoeJGA8WM7mCqlYJ2H3gx.KiZOGwOYzxF2,NIA167
0a1c03bf-fead-4d88-9833-6bb669751650,TRUE,$2a$10$gtfOB.yNP82DhugolcdWyOqzgxIH3iaBpa3nKeGkgX1bCvICKu3zi,NIA172
f579f4c9-8d8d-4574-93a0-b94faf27f943,TRUE,$2a$10$ImDuYKstBWrxFD8UwognH.LuLnvTPcYIMcwLjZNNbDm79m.CkzhBy,NIA178
dd6181c5-0218-4d4e-8970-d0474d229d40,TRUE,$2a$10$x1r8xccpVbSTP9211I5H5Ogm8ytR4js1q6Dobs9L3b.Lm7/tXF6tS,NIA183
cc26ebad-64d8-4129-a612-a3423890daba,TRUE,$2a$10$kvQ1Uj.hxhCq5wQb5IAvsedd9FwpGe6ytqZ2dnsBSksGUFyajPKYe,NIA189
671bf757-5754-466e-a3bb-d5d80bbfa531,TRUE,$2a$10$90gqEscZKh7mwGsKuwsyRu.SPkcFchMwC335xySB.cxR77PdEzbHC,NIA280
fc345e61-e751-4144-ba3a-8bc006249790,TRUE,$2a$10$D4t0GrRqMje7Kkau9QElD.3RXSUbQ/4RWTxSjHWEk7qLpjeBJ0ljC,NIA156
14110ceb-eb1f-497b-a9e8-af540f38eb24,TRUE,$2a$10$B7i4t6znKkE0YKVgv6fAxuUTdfv1sVuSZB/EOFKQ.GYkANZTkrcN6,NIA195
891ff913-8eb0-4f31-b71a-abf1dc0a117e,TRUE,$2a$10$h5kmI3DY7Sk19n6qqn164.OiwSQ.bXRuwd6f7wFE3Yp5E3Stm53ja,NIA198
b4eae7b4-42f6-4315-9c8c-c4ebb05213cf,TRUE,$2a$10$A.nN8HssuHEXa5EyQ/k42eHvWhkuszQt5sGQkY9iqoa31Yvd0w88u,vnurse2
6c482510-9496-4980-b4c0-79c23b2f72a4,TRUE,$2a$10$pRr1hm3hRb4IHvXlfrDEsuhBABKKJAPPysqvnJQvpftBM1KjRKKz.,NIA157
44131ea9-e134-4e1b-bb56-14299647077e,TRUE,$2a$10$.3c/XoISbty9YPaeEa2BmOrTjApKCal6VCOAwg5ijwMpzwvIaJote,NIA184
9a6071c3-3b3c-4f4e-8685-7221bad210b7,TRUE,$2a$10$k0RZB0HxZY.MFCxkayydbex/O1JJLabgjoB6ZE.RWH4IqfiGz4AZq,NIA190
ac135565-4135-47b1-a35b-48d5f3850875,TRUE,$2a$10$.nIa7l80Bic8r0.xLAJW0uZE9rCamRbdCi4GqdLedNiIURoUxQYuW,NIA194
c66fd332-cccc-4787-9b24-9be3ba861e30,TRUE,$2a$10$bCjzQhg3JkNDig0ERKVtE.UoyKd9PQPbNE2IZUy1yfP9ZLRv1U0.y,NIA257
d9622f6c-3b9e-44ad-93de-2b60b7ceaac0,TRUE,$2a$10$qclYXwRz46sHM6uErThpJOfeMfHm0STThDF/uwWBzpA02KXim2Zoa,NIA165
42c50df5-6c28-4417-ad4e-58b6f88ac843,TRUE,$2a$10$Qsbe21t2WULDGO66l.ZSm.Xbkq8wGFRLqwtCLXptlC3e7JsdymELu,NIA170
12bf71e4-fd13-40fc-9459-1d1b2583c6bf,TRUE,$2a$10$tgrzUCjkC0NVfZ/4QhvDX.slfBlqMmqu5.zCy1Jr.cGNmtHzPLAFO,NIA175
3dabe25f-c35b-4106-bb73-e8cf70602397,TRUE,$2a$10$GUF8OGdx.9kvEk0JOQK8POSMkNbsqqmPpuHuA1h3cnpn/e/gjuWIe,NIA176
609c333e-ba73-41e8-9a91-02697742c0bc,TRUE,$2a$10$bPNNeZElFGIUDQc9VoRhmOGMsXgId6ghVeQSHiqakjhapgzVUgSmm,NIA181
2d5e076c-2fa5-4788-b2ec-5a50d04de0eb,TRUE,$2a$10$E5AKmscS8sbRBXEJFDQRyeLdhsvVhF4U7PGWCaILuG1MimJLnod62,NIA191
ffa9e2fc-9d8a-41ee-94a7-a5ed3f1166bf,TRUE,$2a$10$qLGwWIZIAgIDVKCzI5OlpeeWVCU0RbiNBRcfejNS6yMfBfJ9/gHUm,NIA242
b1d0f754-9f33-4611-b87f-fd3d15f75b16,TRUE,$2a$10$Mj5k/SqJ0AjSPu0gGKt.tO6fpw1WJR5Lnlava7VMv9N/7fPU1n1Rm,NIA255
36e04628-af78-4c37-b3bc-12b5285fe5cb,TRUE,$2a$10$nZF2vCkqq2hHuSOeqniW7uD8TgjODgrPm9S0GHqj7EgqBDjK3i29C,NIA256
59cd4a12-8a4a-47ef-8ab9-ddced9daef21,TRUE,$2a$10$jEBmHKJLHv/gUa/XhBvWbelJq5C9pu2gB4Aaq1yql6JiLxIHKz.6C,NIA261
111a17b7-b4a9-4282-867e-b9a5ddbd195c,TRUE,$2a$10$03dpRKrvFHHf5/P3puP0iOdigOPMorNj5qzyKA.GwymXq8ZXbAdBS,NIA277
fbd77cf1-100b-4fb7-bac1-7d1a8aba86e9,TRUE,$2a$10$xo2GHJ2OuY0rhAmlMnxS0OVUG2KnIVsOWjgPz4fkmmvf2CXny5yVS,NIA279
e78efd8f-03fd-46a7-9023-cbcd96df985e,TRUE,$2a$10$8eMilUy2vuEe8U/PfjdbK.V342GiKWyMA6aoAUKQ//AyujT5eeNkq,NIA285
c192b37f-f55f-4eaa-97ec-9864c6ca04c0,TRUE,$2a$10$siv5WL1WmB7anDzrWwZF2ObeweTSG2U8F3o95EDmecczeO1rRvPK2,TestUser6
30569271-63ce-485c-b934-eede11adbf0e,TRUE,$2a$10$0kF2WIvWb61zZ0NHJHn7X.ejrA5dNjRPVJ9HmGpETTR6Py2vxRjdi,NIA158
8f3873ee-fb69-4ac4-af63-ad345a8e15ca,TRUE,$2a$10$wGe52K6bmXisSVhklZ1l1uyjAR0pBK3GH0BD4jbKcj.dzOdxKAh02,NIA162
9e8aaba2-6553-4c3b-923b-16599236db70,TRUE,$2a$10$2WGxX5F/uk4femrMhsGM3.gGolY6XvwIo8kSOCkvOEWTLUSq/ZzeW,NIA163
422b5eed-af22-4d3e-9796-9cc6849a74c2,TRUE,$2a$10$4/9qVxcQAEQzeVNWIxrjGuaRAzWQv9O6hL7VMrMeDFKFbrcTgVauG,NIA173
91bb5177-62fc-4720-be87-8fa136dec7bf,TRUE,$2a$10$WTmkp3TWzrvl2vkQQPcUteffzZHXAdzRdzOc.IWufFyu/zNgxPzVm,NIA182
d4a2f764-f01e-409f-998f-2e22d5b0cd8e,TRUE,$2a$10$LdVUR5GpOJgGq5wDS0RqSuurMUABHyNz4Uojz6Oma1usQc.v3q0ka,NIA197
7029cd26-63be-403d-93f3-875dc8cc1675,TRUE,$2a$10$EU1boFI9SddxyEryRwq6Fersr.1A15rZtGmXNf5dScwX1f0wvCm.G,NIA211
f7c9accb-0a8f-4731-a2bd-d25097cf161a,TRUE,$2a$10$I1t17PsBr9HiFk.BRDbiqeYkYovSQV75dylRVmLOe4KSPfzV3polq,NIA212
8d55121a-5a36-4eee-9dd6-f90b10320237,TRUE,$2a$10$rE2rgokp9cOxoE637Awe4udO5jlVNJPVS7rEsDSBd6F.BDyE3Qx8C,NIA213
b85664cc-48dc-45d2-bc8d-947ae226ddd9,TRUE,$2a$10$AX/X59Qwf06YZGFjjVcOlOlJsSoZB0twb.SIFN8mrlszFB4YCxwKC,NIA215
f22554b0-bc28-4ffb-9f71-7588cff2317a,TRUE,$2a$10$d2Sv.PDUfoRTKKgLUdmefuctvhBXQ95avqM3JgTl4gvVcKj.QfmG.,NIA236
3ebcfbd3-e580-4c88-9de4-d32d631d660e,TRUE,$2a$10$6cGZaR0Obin.xNphuLJbceWofQjbyLdRMnY2sOSzMClgZ4g9JR4QS,NIA237
7bf3efdd-39bc-4af5-83de-7630e96ed0b6,TRUE,$2a$10$r39dOVlUfcSAY5K6DSTQNefqkrlbn86KntKchhFmBPjYQt..STKQe,NIA239
70362b8b-3d83-44fd-be5e-baf8d5095dd6,TRUE,$2a$10$IgnSBtvXKscYB.686TNz9ueOIQrQ7LLIwqcR4L3bu6EV1eMd.dAXe,NIA251
970574a3-9614-4365-b5c6-cb3aafab810b,TRUE,$2a$10$mCYYwcwiMRTZnSlx2/G6Du8pr3.mtG7cR6XubbByS/FK2SFxjE/dq,NIA262
ce1678a4-3c7f-4e91-85ca-b1e8c63d5828,TRUE,$2a$10$FserLXZ.i8FKjjlgf19OK.qpOkqNQxTiUn.gIavK.E8jmx.fnDfnW,NIA276
f6bf1b1e-c45f-4778-9b60-a124b4144945,TRUE,$2a$10$dLtAcj.Xj98B6QxsFSWmput/zFBt6UUl1cvHslLuTWNZmnfWUlLNy,NIA146
62e10ef4-8944-4a66-ba23-566237a7f54d,TRUE,$2a$10$qvp2W0rOLStUfcq.tyT1bOx44MPNpM7JcTfggCrg3kjRLwTYPYo0.,NIA152
c94eb7af-8019-4e3f-9dcd-71f058b121a0,TRUE,$2a$10$WLSGDWzMCeIp9CJb2l2WWeNo/6lUuc0b7rX4U9yOqW9.botv4xYCy,NIA154
460a6049-fa7a-4565-9176-775845482753,TRUE,$2a$10$NM0IvO3OX2/x/mJXUl/knuS9zvMCCTOYE41vTk/uaz/7BMRXqT69y,NIA155
e8233b77-6b9f-46fb-a2f7-cd28440a85e8,TRUE,$2a$10$jTIBf5eUf5colVXg33Il3O7agxXT3LeIITyjKPQ9uP4P9t9iVmEIW,NIA159
c06fa886-332b-4767-9f1a-ec2eea09d4fe,TRUE,$2a$10$d9NIOCF6ehSKLsWRJu1RM.lak0aZsaVlhZkQPIUW0e12Z3W9oXqEq,NIA161
b871f636-759c-46a2-ac49-9df9b47ef9e5,TRUE,$2a$10$pDUYQJYzfmL7tMfWjN4OvuOqOXF7xw2jeN5PNOqFyCTHo8RKWF6Ua,NIA164
2c366934-c9c1-4761-9589-6b8493b54efd,TRUE,$2a$10$5TnM23TqdpJHPK6clWCOOOnhTMaD/QFbWdX.L9DmBLUcFnZ5ZLxyW,NIA168
6bd86156-c439-4071-93c3-c6c076d9a098,TRUE,$2a$10$TOrbamqIXtaqEe8b/5hjeO9pgjt2Q953rQHFH2wDavD5IJ3msqTGy,NIA214
2bcbc5c3-d234-4b80-8392-a20603ddc070,TRUE,$2a$10$qfycxg9F4vBAU6Tt9kvxD.DPHkFsh4NvGC7ei06.0r1ZnoLm6JL9.,NIA238
ff34fa0b-924a-4e85-acfd-c1d6bb416729,TRUE,$2a$10$foZdE/TJ4WK2E8Ug8gIvhur9kF0kC/GY8aNEPBUsRnZ99IpBmiHju,NIA252
ab9e7a49-af3c-444e-9788-d0206387c821,TRUE,$2a$10$5or9LNPLzF.WNir5vZXm4OSZ3n4nl27rM0PzOhF6Q.Jz3J/T/i9h2,NIA253
c4b662b5-7e2b-4a1b-a6ae-bb5a8c46df09,TRUE,$2a$10$D1cCplgr7YcUfK9N/E9ciOc35AUwYfkePA.We9YrnGa1fFGu9pDbO,NIA258
5406b542-1587-4f6b-9c00-cb5e7bdf50b8,TRUE,$2a$10$AiflMTMU3wV4XuI8EHfQAeATdGoGMhkyT.hRGKemKgCDZtyfiHBm2,NIA259
427c8800-737e-45a9-8a6d-2585ad9a32a6,TRUE,$2a$10$YeCx5XzYKDzU1NPeZmyBx.aRUzeorimvlmqnPZ2RC8EgFQVRFD7mm,NIA263
0cfeccbc-38fd-4b61-9d72-4a8a1ff62abe,TRUE,$2a$10$/WAXalYKvzR0GzyrUte9zOGxF4yG5vbACvQ9pQYw7Y.saZhMP8oKe,NIA281
6f9effbb-4ea6-4b56-8a35-ca0829924c23,TRUE,$2a$10$vQDeK7.KMQc0FB2fRE8uiujYOVF1TlSvDB3J3x8b.u8wkDKIf6kvm,NIA141
5d174a06-23a1-4b14-b442-e0bec42eea7c,TRUE,$2a$10$cCsr9ecYiz9RfdPe6E.gou6wh4djNK7xOYabCaiuz5H.UItHieUse,NIA179
2ead01ac-dbec-4ec2-846d-ec46ab476002,TRUE,$2a$10$hejiUc/AReS.3Qm.keJsVedYUxzggfsRhBBLr5.3YkjsuorliovWO,NIA180
32d77bf0-1acc-4558-9056-132a456e3cb0,TRUE,$2a$10$qML5c8k3VrDYXvN/I8SYp.v5aGKn.jOayPxgmXqoaeSlAZESeHA9e,NIA185
03917d4d-450d-4a35-abe7-5c7b9405371b,TRUE,$2a$10$x6lhrZaQ.fKl17AR2EysPupDZx2ifsNICNE2RYdmDHixlbG491LvG,NIA186
a3331c69-4abe-436a-954d-a30345be5c97,TRUE,$2a$10$YAMX2VwmKIADyHlun/ajS.dOTqG3sDi2jjiXujXFVKjCLvxF43022,NIA187
a2dfc7ab-73f7-4b78-af01-f4b13987e7a2,TRUE,$2a$10$kfv7VWxvt5KA3tSXosf1g.kls.KA.yUkNWMUVEDJM2jdy.tf4HJZC,NIA192
ce62e383-2f40-4ccd-b3b7-1c583827b311,TRUE,$2a$10$GAUIUQiKnu4tNgSb8XArJ.4Wv4gySgrCHww/TKlpuDDSw/TXIxUfy,NIA193
86068a80-20f9-450e-8d81-6869cd710352,TRUE,$2a$10$OuHg/Q695HOIPwZdObuaGOOEYlxppEITDsMV5MUlNoDQSuUdqrLBO,NIA210
250311e3-b9b3-4d40-b0c0-b1799f9d045c,TRUE,$2a$10$iyjObqft89HbMtEX/LXB7uC0ZMv4o1p8PerZajKSx2AjmKuJGuN.i,NIA219
4d8885f8-07e6-4003-892b-8d42ef3593e9,TRUE,$2a$10$ipz2iucT28NT1T/Vi3LMTeqHa8r/9a.qM.gxKjl2x8Dirf..GR/My,NIA220
d3b279b1-2ce8-462e-935c-77d4fcfbcf5b,TRUE,$2a$10$SxzRDsq5b25BRFqayhVlfeqSIGvhJvEgPWqQzUDMEdf4GXoROgt1C,NIA240
e84ebfd8-874d-4c42-bdec-6b6de61a2390,TRUE,$2a$10$ULmwD.ZcDLK2Y/2s4bFfbeXFU.LFBy/JPmoeXzPxkAHfXv7cRBP3u,NIA241
4ea74c62-401c-45fb-9ad0-c1c0b5b917ba,TRUE,$2a$10$iyfmmvLhUVHJuoWCTW8ysuMBOSljI.UBCEH/1f26aDwmQhaXG0Hce,NIA254
1664bfca-0020-4a2d-9674-356582dba5bf,TRUE,$2a$10$dyUbpQYuhAgK88Ia9bxmbOn2M5oVBaKOOJHDIrN8lvrXDK5Z5RdX2,NIA260
c702fc71-b3f7-4dc1-a783-8ed768044386,TRUE,$2a$10$Mgb1CdlFXpLJv.WEXYrFuecNUNm.A7XMHPD.SvkEalDKdrG4horHi,NIA278
20e6ab1b-21ee-427c-9092-fa5c5d602c0d,TRUE,$2a$10$/vClICmWnGDhsUTZjiYEjuG7WRmgcrzntQ9GLk3AJd43nL28xdiue,NIA283
66618aac-55ac-42c6-a959-c112c47c4bdc,TRUE,$2a$10$ys.40SRv6iT6Ve7CS.VfjOM7sSZ.m2MiS.T7utsKQogpMjj1GN62q,NIA284
56e706f1-b440-45bf-b033-7ba3ba18bab8,TRUE,$2a$10$PeOP3frzmHMaC4lJTp6pzukwuQ8RFGouZ1kHHlk.ou.JLlqMYRI4i,NIA196
969227e5-906a-499d-be40-4012554db65e,TRUE,$2a$10$u7MSrPtOT3imzAxEFDAdiOE7S/om68BbJitPLi0i.v17UxFGQ9Ita,NIA282
ff9c1f01-f857-42ba-ba58-0959d1ecfcf6,TRUE,$2a$10$YmneQcoEEsnHrvXTkSieoeAkk3gbebFd5rtP.qB8J3PYtBuS6Ssp6,NIA140
b3640f3d-5624-4ed3-be7a-7ceff9cdf616,TRUE,$2a$10$.lB9iIxRBP5RmUFpdD7MxuvM/h7P1ZaGziLp46GyPlS1yk5aikkOa,NIA142
babc3b59-88b8-4b01-8a0e-0fa59e8d927e,TRUE,$2a$10$A4.HrgE4EQHj8oA01X972utDc2tGyTlNSQm/5gOtsvqx/vpgQKWUG,NIA147
61355b90-89f6-45e9-b18b-a41be1139931,TRUE,$2a$10$q7y5qyRsIIsu76uJa590beS4U0Ne1lj.dfhIHquA63lwg9AFLQe7e,NIA148
088c4a9c-a1f9-4e26-9089-7eec41c35cc5,TRUE,$2a$10$UhthIhjGjPHaznPf422Szu6O09GmTFeSkjvbPWpqSFv2tD8sd1.Iu,NIA153
4c6f6074-f299-47eb-94af-f42e4730b3f5,TRUE,$2a$10$PIbNhokccOY/LKnjUeMHr.VEvesb.dPJzj8dx4HyLb2DiGFNNpfAS,NIA160
e855481c-7300-42e5-9599-8b275dd48a4c,TRUE,$2a$10$AzhN0HRoxdjHS32IC3tSk.i75sS8559UmiI6c63VTiiUs.7FC2g3K,NIA166
ed68cb17-8952-457f-b420-7addf6d70dfb,TRUE,$2a$10$kC7mqUYuekSrx57eExED.OUFWS2wdKM4P.XSlVlv29ttC/vzScmAm,NIA169
3e9273ac-eb5a-40c6-bea6-c0033c7b5f3a,TRUE,$2a$10$eQBRgv46LOgOYjUO2jOoQuJzTgurnMWz60bxdP14/32bLNQqvBEGa,NIA171
84b5d1ee-4f45-49ad-a36e-25aa8cfb3f54,TRUE,$2a$10$gFMwp1gOZpZHOds1oXZwNeKMNAy8vB52wr0qVcJ83lKoDZatk7Nhm,NIA174
b5c67afa-5017-417d-a7d9-71afaab2c1a4,TRUE,$2a$10$zTPEtRQYCMKXN2.KWza0T.InPCs4iHRY/2Wb3sC33qN06orqEc5Nu,NIA221